Cost,Description,Original name,Subjective value,Quantity,Link
0.05,Las peoncitas,,1.0,6,https://detail.1688.com/offer/687819928115.html?_t=1720169009949&spm=a2615.7691456.co_0_0_priceup_0_0_0_0_0_0_0000_0.0
0.07,El manoplas,,1.5,10,https://detail.1688.com/offer/775116379936.html?_t=1720168943765&spm=a2615.7691456.co_0_0_priceup_0_0_0_0_0_0_0000_0.0
0.1,El turbito,,1.0,2,https://detail.1688.com/offer/640316733853.html?_t=1720169116107&spm=a2615.7691456.co_0_0_priceup_0_0_0_0_0_0_0000_0.0
0.22,Cochet tocaous,回力赛车散装,2.0,2,https://detail.1688.com/offer/640316733853.html?_t=1720169116107&spm=a2615.7691456.co_0_0_priceup_0_0_0_0_0_0_0000_0.0
0.33,Cochet tocaous 2,透明回力汽车,2.1,0,https://detail.1688.com/offer/640316733853.html?_t=1720169116107&spm=a2615.7691456.co_0_0_priceup_0_0_0_0_0_0_0000_0.0
0.22,Avionet tocaous,回力飞机散装,3.0,4,https://detail.1688.com/offer/640316733853.html?_t=1720169116107&spm=a2615.7691456.co_0_0_priceup_0_0_0_0_0_0_0000_0.0
0.3,Avionet tocaous 2,回力糖果飞机,3.1,0,https://detail.1688.com/offer/640316733853.html?_t=1720169116107&spm=a2615.7691456.co_0_0_priceup_0_0_0_0_0_0_0000_0.0
0.23,Spiderman lache,爬墙人,2.0,0,https://detail.1688.com/offer/640316733853.html?_t=1720169116107&spm=a2615.7691456.co_0_0_priceup_0_0_0_0_0_0_0000_0.0
0.32,Peonzas,发光小陀螺,2.1,0,https://detail.1688.com/offer/640316733853.html?_t=1720169116107&spm=a2615.7691456.co_0_0_priceup_0_0_0_0_0_0_0000_0.0
0.23,Pipes,小号吹浮球,2.2,2,https://detail.1688.com/offer/640316733853.html?_t=1720169116107&spm=a2615.7691456.co_0_0_priceup_0_0_0_0_0_0_0000_0.0
0.06,Turbito chicotet,小号竹蜻蜓1包500个起拍,2.0,0,https://detail.1688.com/offer/640316733853.html?_t=1720169116107&spm=a2615.7691456.co_0_0_priceup_0_0_0_0_0_0_0000_0.0
0.69,Talla-ungles cute,指甲刀,4.0,1,https://detail.1688.com/offer/640316733853.html?_t=1720169116107&spm=a2615.7691456.co_0_0_priceup_0_0_0_0_0_0_0000_0.0
